Domain Code,Domain,Area Code (FAO),Area,Element Code,Element,Item Code,Item,Year Code,Year,Unit,Value,Flag,Flag Description
"ESB","Soil nutrient budget","2","Afghanistan","7276","Cropland nutrient flow per unit area","5061","Synthetic Fertilizers","2017","2017","kg/ha","17.7972","Fc","Calculated data"
"ESB","Soil nutrient budget","3","Albania","7276","Cropland nutrient flow per unit area","5061","Synthetic Fertilizers","2017","2017","kg/ha","56.6993","Fc","Calculated data"
"ESB","Soil nutrient budget","4","Algeria","7276","Cropland nutrient flow per unit area","5061","Synthetic Fertilizers","2017","2017","kg/ha","8.275","Fc","Calculated data"
"ESB","Soil nutrient budget","7","Angola","7276","Cropland nutrient flow per unit area","5061","Synthetic Fertilizers","2017","2017","kg/ha","5.1227","Fc","Calculated data"
"ESB","Soil nutrient budget","8","Antigua and Barbuda","7276","Cropland nutrient flow per unit area","5061","Synthetic Fertilizers","2017","2017","kg/ha","1.796","Fc","Calculated data"
"ESB","Soil nutrient budget","9","Argentina","7276","Cropland nutrient flow per unit area","5061","Synthetic Fertilizers","2017","2017","kg/ha","24.2747","Fc","Calculated data"
"ESB","Soil nutrient budget","1","Armenia","7276","Cropland nutrient flow per unit area","5061","Synthetic Fertilizers","2017","2017","kg/ha","178.7469","Fc","Calculated data"
"ESB","Soil nutrient budget","10","Australia","7276","Cropland nutrient flow per unit area","5061","Synthetic Fertilizers","2017","2017","kg/ha","48.0726","Fc","Calculated data"
"ESB","Soil nutrient budget","11","Austria","7276","Cropland nutrient flow per unit area","5061","Synthetic Fertilizers","2017","2017","kg/ha","81.9216","Fc","Calculated data"
"ESB","Soil nutrient budget","52","Azerbaijan","7276","Cropland nutrient flow per unit area","5061","Synthetic Fertilizers","2017","2017","kg/ha","30.6193","Fc","Calculated data"
"ESB","Soil nutrient budget","12","Bahamas","7276","Cropland nutrient flow per unit area","5061","Synthetic Fertilizers","2017","2017","kg/ha","55.2467","Fc","Calculated data"
"ESB","Soil nutrient budget","16","Bangladesh","7276","Cropland nutrient flow per unit area","5061","Synthetic Fertilizers","2017","2017","kg/ha","144.45","Fc","Calculated data"
"ESB","Soil nutrient budget","14","Barbados","7276","Cropland nutrient flow per unit area","5061","Synthetic Fertilizers","2017","2017","kg/ha","67.745","Fc","Calculated data"
"ESB","Soil nutrient budget","57","Belarus","7276","Cropland nutrient flow per unit area","5061","Synthetic Fertilizers","2017","2017","kg/ha","69.6535","Fc","Calculated data"
"ESB","Soil nutrient budget","255","Belgium","7276","Cropland nutrient flow per unit area","5061","Synthetic Fertilizers","2017","2017","kg/ha","198.4263","Fc","Calculated data"
"ESB","Soil nutrient budget","23","Belize","7276","Cropland nutrient flow per unit area","5061","Synthetic Fertilizers","2017","2017","kg/ha","111.3011","Fc","Calculated data"
"ESB","Soil nutrient budget","53","Benin","7276","Cropland nutrient flow per unit area","5061","Synthetic Fertilizers","2017","2017","kg/ha","0.0135","Fc","Calculated data"
"ESB","Soil nutrient budget","18","Bhutan","7276","Cropland nutrient flow per unit area","5061","Synthetic Fertilizers","2017","2017","kg/ha","12.737","Fc","Calculated data"
"ESB","Soil nutrient budget","19","Bolivia (Plurinational State of)","7276","Cropland nutrient flow per unit area","5061","Synthetic Fertilizers","2017","2017","kg/ha","3.1678","Fc","Calculated data"
"ESB","Soil nutrient budget","80","Bosnia and Herzegovina","7276","Cropland nutrient flow per unit area","5061","Synthetic Fertilizers","2017","2017","kg/ha","76.4039","Fc","Calculated data"
"ESB","Soil nutrient budget","20","Botswana","7276","Cropland nutrient flow per unit area","5061","Synthetic Fertilizers","2017","2017","kg/ha","80.8716","Fc","Calculated data"
"ESB","Soil nutrient budget","21","Brazil","7276","Cropland nutrient flow per unit area","5061","Synthetic Fertilizers","2017","2017","kg/ha","81.4371","Fc","Calculated data"
"ESB","Soil nutrient budget","27","Bulgaria","7276","Cropland nutrient flow per unit area","5061","Synthetic Fertilizers","2017","2017","kg/ha","91.985","Fc","Calculated data"
"ESB","Soil nutrient budget","233","Burkina Faso","7276","Cropland nutrient flow per unit area","5061","Synthetic Fertilizers","2017","2017","kg/ha","9.5561","Fc","Calculated data"
"ESB","Soil nutrient budget","29","Burundi","7276","Cropland nutrient flow per unit area","5061","Synthetic Fertilizers","2017","2017","kg/ha","6.5468","Fc","Calculated data"
"ESB","Soil nutrient budget","115","Cambodia","7276","Cropland nutrient flow per unit area","5061","Synthetic Fertilizers","2017","2017","kg/ha","28.2755","Fc","Calculated data"
"ESB","Soil nutrient budget","32","Cameroon","7276","Cropland nutrient flow per unit area","5061","Synthetic Fertilizers","2017","2017","kg/ha","5.9961","Fc","Calculated data"
"ESB","Soil nutrient budget","33","Canada","7276","Cropland nutrient flow per unit area","5061","Synthetic Fertilizers","2017","2017","kg/ha","63.8798","Fc","Calculated data"
"ESB","Soil nutrient budget","37","Central African Republic","7276","Cropland nutrient flow per unit area","5061","Synthetic Fertilizers","2017","2017","kg/ha","0.0458","Fc","Calculated data"
"ESB","Soil nutrient budget","40","Chile","7276","Cropland nutrient flow per unit area","5061","Synthetic Fertilizers","2017","2017","kg/ha","151.3665","Fc","Calculated data"
"ESB","Soil nutrient budget","41","China, mainland","7276","Cropland nutrient flow per unit area","5061","Synthetic Fertilizers","2017","2017","kg/ha","219.014","Fc","Calculated data"
"ESB","Soil nutrient budget","214","China, Taiwan Province of","7276","Cropland nutrient flow per unit area","5061","Synthetic Fertilizers","2017","2017","kg/ha","195.1283","Fc","Calculated data"
"ESB","Soil nutrient budget","44","Colombia","7276","Cropland nutrient flow per unit area","5061","Synthetic Fertilizers","2017","2017","kg/ha","61.9268","Fc","Calculated data"
"ESB","Soil nutrient budget","46","Congo","7276","Cropland nutrient flow per unit area","5061","Synthetic Fertilizers","2017","2017","kg/ha","0.5302","Fc","Calculated data"
"ESB","Soil nutrient budget","47","Cook Islands","7276","Cropland nutrient flow per unit area","5061","Synthetic Fertilizers","2017","2017","kg/ha","9.08","Fc","Calculated data"
"ESB","Soil nutrient budget","48","Costa Rica","7276","Cropland nutrient flow per unit area","5061","Synthetic Fertilizers","2017","2017","kg/ha","156.5873","Fc","Calculated data"
"ESB","Soil nutrient budget","107","Côte d'Ivoire","7276","Cropland nutrient flow per unit area","5061","Synthetic Fertilizers","2017","2017","kg/ha","4.1283","Fc","Calculated data"
"ESB","Soil nutrient budget","98","Croatia","7276","Cropland nutrient flow per unit area","5061","Synthetic Fertilizers","2017","2017","kg/ha","110.6997","Fc","Calculated data"
"ESB","Soil nutrient budget","49","Cuba","7276","Cropland nutrient flow per unit area","5061","Synthetic Fertilizers","2017","2017","kg/ha","19.0633","Fc","Calculated data"
"ESB","Soil nutrient budget","50","Cyprus","7276","Cropland nutrient flow per unit area","5061","Synthetic Fertilizers","2017","2017","kg/ha","66.5609","Fc","Calculated data"
"ESB","Soil nutrient budget","167","Czechia","7276","Cropland nutrient flow per unit area","5061","Synthetic Fertilizers","2017","2017","kg/ha","143.9418","Fc","Calculated data"
"ESB","Soil nutrient budget","250","Democratic Republic of the Congo","7276","Cropland nutrient flow per unit area","5061","Synthetic Fertilizers","2017","2017","kg/ha","1.2063","Fc","Calculated data"
"ESB","Soil nutrient budget","54","Denmark","7276","Cropland nutrient flow per unit area","5061","Synthetic Fertilizers","2017","2017","kg/ha","91.5264","Fc","Calculated data"
"ESB","Soil nutrient budget","55","Dominica","7276","Cropland nutrient flow per unit area","5061","Synthetic Fertilizers","2017","2017","kg/ha","4.5043","Fc","Calculated data"
"ESB","Soil nutrient budget","56","Dominican Republic","7276","Cropland nutrient flow per unit area","5061","Synthetic Fertilizers","2017","2017","kg/ha","57.2194","Fc","Calculated data"
"ESB","Soil nutrient budget","58","Ecuador","7276","Cropland nutrient flow per unit area","5061","Synthetic Fertilizers","2017","2017","kg/ha","73.6121","Fc","Calculated data"
"ESB","Soil nutrient budget","59","Egypt","7276","Cropland nutrient flow per unit area","5061","Synthetic Fertilizers","2017","2017","kg/ha","342.2603","Fc","Calculated data"
"ESB","Soil nutrient budget","60","El Salvador","7276","Cropland nutrient flow per unit area","5061","Synthetic Fertilizers","2017","2017","kg/ha","69.3362","Fc","Calculated data"
"ESB","Soil nutrient budget","178","Eritrea","7276","Cropland nutrient flow per unit area","5061","Synthetic Fertilizers","2017","2017","kg/ha","2.5641","Fc","Calculated data"
"ESB","Soil nutrient budget","63","Estonia","7276","Cropland nutrient flow per unit area","5061","Synthetic Fertilizers","2017","2017","kg/ha","54.2631","Fc","Calculated data"
"ESB","Soil nutrient budget","238","Ethiopia","7276","Cropland nutrient flow per unit area","5061","Synthetic Fertilizers","2017","2017","kg/ha","21.4723","Fc","Calculated data"
"ESB","Soil nutrient budget","66","Fiji","7276","Cropland nutrient flow per unit area","5061","Synthetic Fertilizers","2017","2017","kg/ha","20.2588","Fc","Calculated data"
"ESB","Soil nutrient budget","67","Finland","7276","Cropland nutrient flow per unit area","5061","Synthetic Fertilizers","2017","2017","kg/ha","61.8922","Fc","Calculated data"
"ESB","Soil nutrient budget","68","France","7276","Cropland nutrient flow per unit area","5061","Synthetic Fertilizers","2017","2017","kg/ha","114.7712","Fc","Calculated data"
"ESB","Soil nutrient budget","70","French Polynesia","7276","Cropland nutrient flow per unit area","5061","Synthetic Fertilizers","2017","2017","kg/ha","13.4612","Fc","Calculated data"
"ESB","Soil nutrient budget","74","Gabon","7276","Cropland nutrient flow per unit area","5061","Synthetic Fertilizers","2017","2017","kg/ha","15.6487","Fc","Calculated data"
"ESB","Soil nutrient budget","75","Gambia","7276","Cropland nutrient flow per unit area","5061","Synthetic Fertilizers","2017","2017","kg/ha","0.0842","Fc","Calculated data"
"ESB","Soil nutrient budget","73","Georgia","7276","Cropland nutrient flow per unit area","5061","Synthetic Fertilizers","2017","2017","kg/ha","89.2536","Fc","Calculated data"
"ESB","Soil nutrient budget","79","Germany","7276","Cropland nutrient flow per unit area","5061","Synthetic Fertilizers","2017","2017","kg/ha","125.0229","Fc","Calculated data"
"ESB","Soil nutrient budget","81","Ghana","7276","Cropland nutrient flow per unit area","5061","Synthetic Fertilizers","2017","2017","kg/ha","11.0811","Fc","Calculated data"
"ESB","Soil nutrient budget","84","Greece","7276","Cropland nutrient flow per unit area","5061","Synthetic Fertilizers","2017","2017","kg/ha","56.4366","Fc","Calculated data"
"ESB","Soil nutrient budget","89","Guatemala","7276","Cropland nutrient flow per unit area","5061","Synthetic Fertilizers","2017","2017","kg/ha","85.1784","Fc","Calculated data"
"ESB","Soil nutrient budget","90","Guinea","7276","Cropland nutrient flow per unit area","5061","Synthetic Fertilizers","2017","2017","kg/ha","6.1568","Fc","Calculated data"
"ESB","Soil nutrient budget","91","Guyana","7276","Cropland nutrient flow per unit area","5061","Synthetic Fertilizers","2017","2017","kg/ha","0.9767","Fc","Calculated data"
"ESB","Soil nutrient budget","95","Honduras","7276","Cropland nutrient flow per unit area","5061","Synthetic Fertilizers","2017","2017","kg/ha","69.3357","Fc","Calculated data"
"ESB","Soil nutrient budget","97","Hungary","7276","Cropland nutrient flow per unit area","5061","Synthetic Fertilizers","2017","2017","kg/ha","83.2914","Fc","Calculated data"
"ESB","Soil nutrient budget","99","Iceland","7276","Cropland nutrient flow per unit area","5061","Synthetic Fertilizers","2017","2017","kg/ha","107.9835","Fc","Calculated data"
"ESB","Soil nutrient budget","100","India","7276","Cropland nutrient flow per unit area","5061","Synthetic Fertilizers","2017","2017","kg/ha","100.0968","Fc","Calculated data"
"ESB","Soil nutrient budget","101","Indonesia","7276","Cropland nutrient flow per unit area","5061","Synthetic Fertilizers","2017","2017","kg/ha","57.5437","Fc","Calculated data"
"ESB","Soil nutrient budget","102","Iran (Islamic Republic of)","7276","Cropland nutrient flow per unit area","5061","Synthetic Fertilizers","2017","2017","kg/ha","34.2849","Fc","Calculated data"
"ESB","Soil nutrient budget","103","Iraq","7276","Cropland nutrient flow per unit area","5061","Synthetic Fertilizers","2017","2017","kg/ha","34.4644","Fc","Calculated data"
"ESB","Soil nutrient budget","105","Israel","7276","Cropland nutrient flow per unit area","5061","Synthetic Fertilizers","2017","2017","kg/ha","103.9337","Fc","Calculated data"
"ESB","Soil nutrient budget","106","Italy","7276","Cropland nutrient flow per unit area","5061","Synthetic Fertilizers","2017","2017","kg/ha","65.317","Fc","Calculated data"
"ESB","Soil nutrient budget","109","Jamaica","7276","Cropland nutrient flow per unit area","5061","Synthetic Fertilizers","2017","2017","kg/ha","17.4788","Fc","Calculated data"
"ESB","Soil nutrient budget","110","Japan","7276","Cropland nutrient flow per unit area","5061","Synthetic Fertilizers","2017","2017","kg/ha","87.5563","Fc","Calculated data"
"ESB","Soil nutrient budget","112","Jordan","7276","Cropland nutrient flow per unit area","5061","Synthetic Fertilizers","2017","2017","kg/ha","75.7925","Fc","Calculated data"
"ESB","Soil nutrient budget","108","Kazakhstan","7276","Cropland nutrient flow per unit area","5061","Synthetic Fertilizers","2017","2017","kg/ha","3.5214","Fc","Calculated data"
"ESB","Soil nutrient budget","114","Kenya","7276","Cropland nutrient flow per unit area","5061","Synthetic Fertilizers","2017","2017","kg/ha","13.2371","Fc","Calculated data"
"ESB","Soil nutrient budget","113","Kyrgyzstan","7276","Cropland nutrient flow per unit area","5061","Synthetic Fertilizers","2017","2017","kg/ha","6.8279","Fc","Calculated data"
"ESB","Soil nutrient budget","119","Latvia","7276","Cropland nutrient flow per unit area","5061","Synthetic Fertilizers","2017","2017","kg/ha","59.6618","Fc","Calculated data"
"ESB","Soil nutrient budget","121","Lebanon","7276","Cropland nutrient flow per unit area","5061","Synthetic Fertilizers","2017","2017","kg/ha","88.7942","Fc","Calculated data"
"ESB","Soil nutrient budget","124","Libya","7276","Cropland nutrient flow per unit area","5061","Synthetic Fertilizers","2017","2017","kg/ha","7.1707","Fc","Calculated data"
"ESB","Soil nutrient budget","126","Lithuania","7276","Cropland nutrient flow per unit area","5061","Synthetic Fertilizers","2017","2017","kg/ha","78.1362","Fc","Calculated data"
"ESB","Soil nutrient budget","256","Luxembourg","7276","Cropland nutrient flow per unit area","5061","Synthetic Fertilizers","2017","2017","kg/ha","213.4679","Fc","Calculated data"
"ESB","Soil nutrient budget","129","Madagascar","7276","Cropland nutrient flow per unit area","5061","Synthetic Fertilizers","2017","2017","kg/ha","8.719","Fc","Calculated data"
"ESB","Soil nutrient budget","130","Malawi","7276","Cropland nutrient flow per unit area","5061","Synthetic Fertilizers","2017","2017","kg/ha","22.7535","Fc","Calculated data"
"ESB","Soil nutrient budget","131","Malaysia","7276","Cropland nutrient flow per unit area","5061","Synthetic Fertilizers","2017","2017","kg/ha","57.557","Fc","Calculated data"
"ESB","Soil nutrient budget","132","Maldives","7276","Cropland nutrient flow per unit area","5061","Synthetic Fertilizers","2017","2017","kg/ha","50.7246","Fc","Calculated data"
"ESB","Soil nutrient budget","133","Mali","7276","Cropland nutrient flow per unit area","5061","Synthetic Fertilizers","2017","2017","kg/ha","15.6974","Fc","Calculated data"
"ESB","Soil nutrient budget","134","Malta","7276","Cropland nutrient flow per unit area","5061","Synthetic Fertilizers","2017","2017","kg/ha","60.0925","Fc","Calculated data"
"ESB","Soil nutrient budget","137","Mauritius","7276","Cropland nutrient flow per unit area","5061","Synthetic Fertilizers","2017","2017","kg/ha","106.0546","Fc","Calculated data"
"ESB","Soil nutrient budget","138","Mexico","7276","Cropland nutrient flow per unit area","5061","Synthetic Fertilizers","2017","2017","kg/ha","54.79","Fc","Calculated data"
"ESB","Soil nutrient budget","141","Mongolia","7276","Cropland nutrient flow per unit area","5061","Synthetic Fertilizers","2017","2017","kg/ha","26.8679","Fc","Calculated data"
"ESB","Soil nutrient budget","143","Morocco","7276","Cropland nutrient flow per unit area","5061","Synthetic Fertilizers","2017","2017","kg/ha","27.401","Fc","Calculated data"
"ESB","Soil nutrient budget","144","Mozambique","7276","Cropland nutrient flow per unit area","5061","Synthetic Fertilizers","2017","2017","kg/ha","3.7999","Fc","Calculated data"
"ESB","Soil nutrient budget","28","Myanmar","7276","Cropland nutrient flow per unit area","5061","Synthetic Fertilizers","2017","2017","kg/ha","20.3846","Fc","Calculated data"
"ESB","Soil nutrient budget","147","Namibia","7276","Cropland nutrient flow per unit area","5061","Synthetic Fertilizers","2017","2017","kg/ha","23.2594","Fc","Calculated data"
"ESB","Soil nutrient budget","148","Nauru","7276","Cropland nutrient flow per unit area","5061","Synthetic Fertilizers","2017","2017","kg/ha","0","Fc","Calculated data"
"ESB","Soil nutrient budget","149","Nepal","7276","Cropland nutrient flow per unit area","5061","Synthetic Fertilizers","2017","2017","kg/ha","39.4005","Fc","Calculated data"
"ESB","Soil nutrient budget","153","New Caledonia","7276","Cropland nutrient flow per unit area","5061","Synthetic Fertilizers","2017","2017","kg/ha","57.9381","Fc","Calculated data"
"ESB","Soil nutrient budget","157","Nicaragua","7276","Cropland nutrient flow per unit area","5061","Synthetic Fertilizers","2017","2017","kg/ha","43.3754","Fc","Calculated data"
"ESB","Soil nutrient budget","158","Niger","7276","Cropland nutrient flow per unit area","5061","Synthetic Fertilizers","2017","2017","kg/ha","0.3615","Fc","Calculated data"
"ESB","Soil nutrient budget","159","Nigeria","7276","Cropland nutrient flow per unit area","5061","Synthetic Fertilizers","2017","2017","kg/ha","11.2661","Fc","Calculated data"
"ESB","Soil nutrient budget","154","North Macedonia","7276","Cropland nutrient flow per unit area","5061","Synthetic Fertilizers","2017","2017","kg/ha","45.9446","Fc","Calculated data"
"ESB","Soil nutrient budget","162","Norway","7276","Cropland nutrient flow per unit area","5061","Synthetic Fertilizers","2017","2017","kg/ha","123.4522","Fc","Calculated data"
"ESB","Soil nutrient budget","221","Oman","7276","Cropland nutrient flow per unit area","5061","Synthetic Fertilizers","2017","2017","kg/ha","87.1616","Fc","Calculated data"
"ESB","Soil nutrient budget","165","Pakistan","7276","Cropland nutrient flow per unit area","5061","Synthetic Fertilizers","2017","2017","kg/ha","107.7062","Fc","Calculated data"
"ESB","Soil nutrient budget","166","Panama","7276","Cropland nutrient flow per unit area","5061","Synthetic Fertilizers","2017","2017","kg/ha","16.0027","Fc","Calculated data"
"ESB","Soil nutrient budget","168","Papua New Guinea","7276","Cropland nutrient flow per unit area","5061","Synthetic Fertilizers","2017","2017","kg/ha","26.359","Fc","Calculated data"
"ESB","Soil nutrient budget","169","Paraguay","7276","Cropland nutrient flow per unit area","5061","Synthetic Fertilizers","2017","2017","kg/ha","28.2405","Fc","Calculated data"
"ESB","Soil nutrient budget","170","Peru","7276","Cropland nutrient flow per unit area","5061","Synthetic Fertilizers","2017","2017","kg/ha","67.8176","Fc","Calculated data"
"ESB","Soil nutrient budget","171","Philippines","7276","Cropland nutrient flow per unit area","5061","Synthetic Fertilizers","2017","2017","kg/ha","69.5876","Fc","Calculated data"
"ESB","Soil nutrient budget","173","Poland","7276","Cropland nutrient flow per unit area","5061","Synthetic Fertilizers","2017","2017","kg/ha","96.6439","Fc","Calculated data"
"ESB","Soil nutrient budget","174","Portugal","7276","Cropland nutrient flow per unit area","5061","Synthetic Fertilizers","2017","2017","kg/ha","61.7328","Fc","Calculated data"
"ESB","Soil nutrient budget","179","Qatar","7276","Cropland nutrient flow per unit area","5061","Synthetic Fertilizers","2017","2017","kg/ha","82.3529","Fc","Calculated data"
"ESB","Soil nutrient budget","117","Republic of Korea","7276","Cropland nutrient flow per unit area","5061","Synthetic Fertilizers","2017","2017","kg/ha","129.2549","Fc","Calculated data"
"ESB","Soil nutrient budget","146","Republic of Moldova","7276","Cropland nutrient flow per unit area","5061","Synthetic Fertilizers","2017","2017","kg/ha","23.4171","Fc","Calculated data"
"ESB","Soil nutrient budget","183","Romania","7276","Cropland nutrient flow per unit area","5061","Synthetic Fertilizers","2017","2017","kg/ha","38.4361","Fc","Calculated data"
"ESB","Soil nutrient budget","185","Russian Federation","7276","Cropland nutrient flow per unit area","5061","Synthetic Fertilizers","2017","2017","kg/ha","12.2551","Fc","Calculated data"
"ESB","Soil nutrient budget","184","Rwanda","7276","Cropland nutrient flow per unit area","5061","Synthetic Fertilizers","2017","2017","kg/ha","3.092","Fc","Calculated data"
"ESB","Soil nutrient budget","189","Saint Lucia","7276","Cropland nutrient flow per unit area","5061","Synthetic Fertilizers","2017","2017","kg/ha","12.577","Fc","Calculated data"
"ESB","Soil nutrient budget","244","Samoa","7276","Cropland nutrient flow per unit area","5061","Synthetic Fertilizers","2017","2017","kg/ha","0.0579","Fc","Calculated data"
"ESB","Soil nutrient budget","194","Saudi Arabia","7276","Cropland nutrient flow per unit area","5061","Synthetic Fertilizers","2017","2017","kg/ha","47.7516","Fc","Calculated data"
"ESB","Soil nutrient budget","195","Senegal","7276","Cropland nutrient flow per unit area","5061","Synthetic Fertilizers","2017","2017","kg/ha","11.2874","Fc","Calculated data"
"ESB","Soil nutrient budget","272","Serbia","7276","Cropland nutrient flow per unit area","5061","Synthetic Fertilizers","2017","2017","kg/ha","77.5303","Fc","Calculated data"
"ESB","Soil nutrient budget","196","Seychelles","7276","Cropland nutrient flow per unit area","5061","Synthetic Fertilizers","2017","2017","kg/ha","32.5677","Fc","Calculated data"
"ESB","Soil nutrient budget","199","Slovakia","7276","Cropland nutrient flow per unit area","5061","Synthetic Fertilizers","2017","2017","kg/ha","90.0376","Fc","Calculated data"
"ESB","Soil nutrient budget","198","Slovenia","7276","Cropland nutrient flow per unit area","5061","Synthetic Fertilizers","2017","2017","kg/ha","113.7836","Fc","Calculated data"
"ESB","Soil nutrient budget","202","South Africa","7276","Cropland nutrient flow per unit area","5061","Synthetic Fertilizers","2017","2017","kg/ha","37.8635","Fc","Calculated data"
"ESB","Soil nutrient budget","203","Spain","7276","Cropland nutrient flow per unit area","5061","Synthetic Fertilizers","2017","2017","kg/ha","63.5449","Fc","Calculated data"
"ESB","Soil nutrient budget","38","Sri Lanka","7276","Cropland nutrient flow per unit area","5061","Synthetic Fertilizers","2017","2017","kg/ha","47.2933","Fc","Calculated data"
"ESB","Soil nutrient budget","276","Sudan","7276","Cropland nutrient flow per unit area","5061","Synthetic Fertilizers","2017","2017","kg/ha","8.1994","Fc","Calculated data"
"ESB","Soil nutrient budget","207","Suriname","7276","Cropland nutrient flow per unit area","5061","Synthetic Fertilizers","2017","2017","kg/ha","182.6047","Fc","Calculated data"
"ESB","Soil nutrient budget","210","Sweden","7276","Cropland nutrient flow per unit area","5061","Synthetic Fertilizers","2017","2017","kg/ha","77.2818","Fc","Calculated data"
"ESB","Soil nutrient budget","211","Switzerland","7276","Cropland nutrient flow per unit area","5061","Synthetic Fertilizers","2017","2017","kg/ha","114.7761","Fc","Calculated data"
"ESB","Soil nutrient budget","212","Syrian Arab Republic","7276","Cropland nutrient flow per unit area","5061","Synthetic Fertilizers","2017","2017","kg/ha","1.3047","Fc","Calculated data"
"ESB","Soil nutrient budget","208","Tajikistan","7276","Cropland nutrient flow per unit area","5061","Synthetic Fertilizers","2017","2017","kg/ha","9.175","Fc","Calculated data"
"ESB","Soil nutrient budget","216","Thailand","7276","Cropland nutrient flow per unit area","5061","Synthetic Fertilizers","2017","2017","kg/ha","81.0296","Fc","Calculated data"
"ESB","Soil nutrient budget","217","Togo","7276","Cropland nutrient flow per unit area","5061","Synthetic Fertilizers","2017","2017","kg/ha","1.5142","Fc","Calculated data"
"ESB","Soil nutrient budget","219","Tonga","7276","Cropland nutrient flow per unit area","5061","Synthetic Fertilizers","2017","2017","kg/ha","3.6513","Fc","Calculated data"
"ESB","Soil nutrient budget","220","Trinidad and Tobago","7276","Cropland nutrient flow per unit area","5061","Synthetic Fertilizers","2017","2017","kg/ha","138.2979","Fc","Calculated data"
"ESB","Soil nutrient budget","222","Tunisia","7276","Cropland nutrient flow per unit area","5061","Synthetic Fertilizers","2017","2017","kg/ha","14.3801","Fc","Calculated data"
"ESB","Soil nutrient budget","223","Turkey","7276","Cropland nutrient flow per unit area","5061","Synthetic Fertilizers","2017","2017","kg/ha","75.5863","Fc","Calculated data"
"ESB","Soil nutrient budget","226","Uganda","7276","Cropland nutrient flow per unit area","5061","Synthetic Fertilizers","2017","2017","kg/ha","0.836","Fc","Calculated data"
"ESB","Soil nutrient budget","230","Ukraine","7276","Cropland nutrient flow per unit area","5061","Synthetic Fertilizers","2017","2017","kg/ha","40.551","Fc","Calculated data"
"ESB","Soil nutrient budget","225","United Arab Emirates","7276","Cropland nutrient flow per unit area","5061","Synthetic Fertilizers","2017","2017","kg/ha","180.7443","Fc","Calculated data"
"ESB","Soil nutrient budget","229","United Kingdom of Great Britain and Northern Ireland","7276","Cropland nutrient flow per unit area","5061","Synthetic Fertilizers","2017","2017","kg/ha","169.8043","Fc","Calculated data"
"ESB","Soil nutrient budget","215","United Republic of Tanzania","7276","Cropland nutrient flow per unit area","5061","Synthetic Fertilizers","2017","2017","kg/ha","6.7739","Fc","Calculated data"
"ESB","Soil nutrient budget","231","United States of America","7276","Cropland nutrient flow per unit area","5061","Synthetic Fertilizers","2017","2017","kg/ha","73.3777","Fc","Calculated data"
"ESB","Soil nutrient budget","234","Uruguay","7276","Cropland nutrient flow per unit area","5061","Synthetic Fertilizers","2017","2017","kg/ha","76.0524","Fc","Calculated data"
"ESB","Soil nutrient budget","235","Uzbekistan","7276","Cropland nutrient flow per unit area","5061","Synthetic Fertilizers","2017","2017","kg/ha","161.4766","Fc","Calculated data"
"ESB","Soil nutrient budget","236","Venezuela (Bolivarian Republic of)","7276","Cropland nutrient flow per unit area","5061","Synthetic Fertilizers","2017","2017","kg/ha","78.9697","Fc","Calculated data"
"ESB","Soil nutrient budget","237","Viet Nam","7276","Cropland nutrient flow per unit area","5061","Synthetic Fertilizers","2017","2017","kg/ha","135.6192","Fc","Calculated data"
"ESB","Soil nutrient budget","249","Yemen","7276","Cropland nutrient flow per unit area","5061","Synthetic Fertilizers","2017","2017","kg/ha","9.5116","Fc","Calculated data"
"ESB","Soil nutrient budget","251","Zambia","7276","Cropland nutrient flow per unit area","5061","Synthetic Fertilizers","2017","2017","kg/ha","54.9244","Fc","Calculated data"
"ESB","Soil nutrient budget","181","Zimbabwe","7276","Cropland nutrient flow per unit area","5061","Synthetic Fertilizers","2017","2017","kg/ha","15.8537","Fc","Calculated data"
